날짜,시간,10
20200101,0,83247
20200101,1,89309
20200101,2,66611
20200101,3,53290
20200101,4,52095
20200101,5,62591
20200101,6,72799
20200101,7,98367
20200101,8,138272
20200101,9,204720
20200101,10,285893
20200101,11,324836
20200101,12,320617
20200101,13,331264
20200101,14,359475
20200101,15,384305
20200101,16,387721
20200101,17,354546
20200101,18,299045
20200101,19,272186
20200101,20,256661
20200101,21,230300
20200101,22,170933
20200101,23,107623
20200102,0,62778
20200102,1,40492
20200102,2,32815
20200102,3,36717
20200102,4,64090
20200102,5,142571
20200102,6,248187
20200102,7,321245
20200102,8,302631
20200102,9,282018
20200102,10,307976
20200102,11,324038
20200102,12,321212
20200102,13,331174
20200102,14,337396
20200102,15,340639
20200102,16,338451
20200102,17,333273
20200102,18,298945
20200102,19,241560
20200102,20,217665
20200102,21,194461
20200102,22,157652
20200102,23,112308
20200103,0,82799
20200103,1,59306
20200103,2,48045
20200103,3,49712
20200103,4,67423
20200103,5,115647
20200103,6,194381
20200103,7,280641
20200103,8,299510
20200103,9,300402
20200103,10,320228
20200103,11,332667
20200103,12,333576
20200103,13,340362
20200103,14,366144
20200103,15,386427
20200103,16,400061
20200103,17,421336
20200103,18,407648
20200103,19,345687
20200103,20,306051
20200103,21,268332
20200103,22,208612
20200103,23,144902
20200104,0,97966
20200104,1,69127
20200104,2,52807
20200104,3,47297
20200104,4,56987
20200104,5,90089
20200104,6,144122
20200104,7,199788
20200104,8,268007
20200104,9,338748
20200104,10,385538
20200104,11,387355
20200104,12,356511
20200104,13,363416
20200104,14,388014
20200104,15,399648
20200104,16,401181
20200104,17,378500
20200104,18,321310
20200104,19,259903
20200104,20,232601
20200104,21,210189
20200104,22,163773
20200104,23,113008
20200105,0,71491
20200105,1,47490
20200105,2,32479
20200105,3,26481
20200105,4,27540
20200105,5,34262
20200105,6,69992
20200105,7,107845
20200105,8,157837
20200105,9,225944
20200105,10,293550
20200105,11,325889
20200105,12,325776
20200105,13,344459
20200105,14,384079
20200105,15,404593
20200105,16,412639
20200105,17,382811
20200105,18,334494
20200105,19,296820
20200105,20,278469
20200105,21,262718
20200105,22,201091
20200105,23,131401
20200106,0,78735
20200106,1,51570
20200106,2,40050
20200106,3,42615
20200106,4,72065
20200106,5,160194
20200106,6,281763
20200106,7,342426
20200106,8,324735
20200106,9,301869
20200106,10,320709
20200106,11,321756
20200106,12,305470
20200106,13,310225
20200106,14,312814
20200106,15,321922
20200106,16,321846
20200106,17,324081
20200106,18,296784
20200106,19,235546
20200106,20,210770
20200106,21,184579
20200106,22,149213
20200106,23,109713
20200107,0,79392
20200107,1,55685
20200107,2,44636
20200107,3,45419
20200107,4,56972
20200107,5,93447
20200107,6,171618
20200107,7,264769
20200107,8,287526
20200107,9,275884
20200107,10,278635
20200107,11,268676
20200107,12,282590
20200107,13,298843
20200107,14,310272
20200107,15,312283
20200107,16,320667
20200107,17,311848
20200107,18,291672
20200107,19,234126
20200107,20,193417
20200107,21,178524
20200107,22,144937
20200107,23,109482
20200108,0,76476
20200108,1,55529
20200108,2,44368
20200108,3,44271
20200108,4,58938
20200108,5,99831
20200108,6,178747
20200108,7,293117
20200108,8,303530
20200108,9,300989
20200108,10,316233
20200108,11,319801
20200108,12,310324
20200108,13,320176
20200108,14,326347
20200108,15,352508
20200108,16,361507
20200108,17,353063
20200108,18,313991
20200108,19,252862
20200108,20,216526
20200108,21,195100
20200108,22,163267
20200108,23,119917
20200109,0,85400
20200109,1,62119
20200109,2,48952
20200109,3,51537
20200109,4,68192
20200109,5,121927
20200109,6,212732
20200109,7,310369
20200109,8,337781
20200109,9,340532
20200109,10,331328
20200109,11,334324
20200109,12,329683
20200109,13,336410
20200109,14,357612
20200109,15,355231
20200109,16,374556
20200109,17,379997
20200109,18,333143
20200109,19,269262
20200109,20,239292
20200109,21,211268
20200109,22,154358
20200109,23,124997
20200110,0,87880
20200110,1,63484
20200110,2,50226
20200110,3,51796
20200110,4,69432
20200110,5,114223
20200110,6,206106
20200110,7,301482
20200110,8,329924
20200110,9,337799
20200110,10,346933
20200110,11,352988
20200110,12,351011
20200110,13,373930
20200110,14,381683
20200110,15,403499
20200110,16,428829
20200110,17,444463
20200110,18,427831
20200110,19,370201
20200110,20,331317
20200110,21,286966
20200110,22,219289
20200110,23,154247
20200111,0,113399
20200111,1,75694
20200111,2,56122
20200111,3,50606
20200111,4,58192
20200111,5,94993
20200111,6,153701
20200111,7,225538
20200111,8,291212
20200111,9,350132
20200111,10,399522
20200111,11,403347
20200111,12,371253
20200111,13,381428
20200111,14,401492
20200111,15,418788
20200111,16,425706
20200111,17,405086
20200111,18,347134
20200111,19,282694
20200111,20,248778
20200111,21,228066
20200111,22,181447
20200111,23,123481
20200112,0,81601
20200112,1,52624
20200112,2,37084
20200112,3,28862
20200112,4,29909
20200112,5,46505
20200112,6,80107
20200112,7,124912
20200112,8,189697
20200112,9,271575
20200112,10,343397
20200112,11,367597
20200112,12,363550
20200112,13,386975
20200112,14,421540
20200112,15,448157
20200112,16,471607
20200112,17,438078
20200112,18,378585
20200112,19,336731
20200112,20,317128
20200112,21,297730
20200112,22,227666
20200112,23,148221
20200113,0,90257
20200113,1,54192
20200113,2,44037
20200113,3,47253
20200113,4,81531
20200113,5,181714
20200113,6,310599
20200113,7,389790
20200113,8,373126
20200113,9,356902
20200113,10,377961
20200113,11,371933
20200113,12,357853
20200113,13,366356
20200113,14,371590
20200113,15,372055
20200113,16,392235
20200113,17,393977
20200113,18,349005
20200113,19,275467
20200113,20,241945
20200113,21,217081
20200113,22,176465
20200113,23,127390
20200114,0,89802
20200114,1,67210
20200114,2,54055
20200114,3,55418
20200114,4,71595
20200114,5,125896
20200114,6,225517
20200114,7,327896
20200114,8,393354
20200114,9,375529
20200114,10,312747
20200114,11,370539
20200114,12,361755
20200114,13,367599
20200114,14,383257
20200114,15,397238
20200114,16,416391
20200114,17,414138
20200114,18,364889
20200114,19,290906
20200114,20,252207
20200114,21,220641
20200114,22,177148
20200114,23,131423
20200115,0,91147
20200115,1,65482
20200115,2,53692
20200115,3,54167
20200115,4,70674
20200115,5,124671
20200115,6,218606
20200115,7,298552
20200115,8,331681
20200115,9,363834
20200115,10,374349
20200115,11,372827
20200115,12,364925
20200115,13,371555
20200115,14,378166
20200115,15,398881
20200115,16,416345
20200115,17,419552
20200115,18,370533
20200115,19,288258
20200115,20,249528
20200115,21,226804
20200115,22,187268
20200115,23,138305
20200116,0,93292
20200116,1,67399
20200116,2,53901
20200116,3,52903
20200116,4,71786
20200116,5,123877
20200116,6,220132
20200116,7,333167
20200116,8,364654
20200116,9,380285
20200116,10,343803
20200116,11,381753
20200116,12,373111
20200116,13,380481
20200116,14,388184
20200116,15,403812
20200116,16,413936
20200116,17,419229
20200116,18,366891
20200116,19,291354
20200116,20,259507
20200116,21,233000
20200116,22,185425
20200116,23,139243
20200117,0,96878
20200117,1,71039
20200117,2,55356
20200117,3,57339
20200117,4,74906
20200117,5,126405
20200117,6,215486
20200117,7,318051
20200117,8,356073
20200117,9,365388
20200117,10,386170
20200117,11,397279
20200117,12,382537
20200117,13,405584
20200117,14,430812
20200117,15,449360
20200117,16,461065
20200117,17,482804
20200117,18,461638
20200117,19,391225
20200117,20,344118
20200117,21,304394
20200117,22,239317
20200117,23,166967
20200118,0,117004
20200118,1,82881
20200118,2,63008
20200118,3,54852
20200118,4,65053
20200118,5,101681
20200118,6,163290
20200118,7,239471
20200118,8,320860
20200118,9,387609
20200118,10,421499
20200118,11,423046
20200118,12,405665
20200118,13,404383
20200118,14,423859
20200118,15,435692
20200118,16,469270
20200118,17,417471
20200118,18,358247
20200118,19,302355
20200118,20,261489
20200118,21,239387
20200118,22,186344
20200118,23,129758
20200119,0,79712
20200119,1,53913
20200119,2,37875
20200119,3,29689
20200119,4,31774
20200119,5,52624
20200119,6,87457
20200119,7,130430
20200119,8,190235
20200119,9,262687
20200119,10,323882
20200119,11,356741
20200119,12,351458
20200119,13,367471
20200119,14,400768
20200119,15,429646
20200119,16,453194
20200119,17,417802
20200119,18,342932
20200119,19,317549
20200119,20,300792
20200119,21,282341
20200119,22,221133
20200119,23,148116
20200120,0,87157
20200120,1,54914
20200120,2,43777
20200120,3,47204
20200120,4,79374
20200120,5,177105
20200120,6,312766
20200120,7,389585
20200120,8,382269
20200120,9,370092
20200120,10,381694
20200120,11,381304
20200120,12,372305
20200120,13,397238
20200120,14,384565
20200120,15,393149
20200120,16,403968
20200120,17,406419
20200120,18,356606
20200120,19,266438
20200120,20,242199
20200120,21,219925
20200120,22,178163
20200120,23,129540
20200121,0,90746
20200121,1,66409
20200121,2,54967
20200121,3,53803
20200121,4,69955
20200121,5,119929
20200121,6,215405
20200121,7,317305
20200121,8,345714
20200121,9,353928
20200121,10,376812
20200121,11,374409
20200121,12,354358
20200121,13,360965
20200121,14,365157
20200121,15,380963
20200121,16,385331
20200121,17,396605
20200121,18,357912
20200121,19,289195
20200121,20,252486
20200121,21,229462
20200121,22,183863
20200121,23,136142
20200122,0,95020
20200122,1,68692
20200122,2,55149
20200122,3,54772
20200122,4,70589
20200122,5,116937
20200122,6,210826
20200122,7,311711
20200122,8,332710
20200122,9,337835
20200122,10,359372
20200122,11,365757
20200122,12,357349
20200122,13,375272
20200122,14,395366
20200122,15,409641
20200122,16,418184
20200122,17,423416
20200122,18,388153
20200122,19,318797
20200122,20,288337
20200122,21,261901
20200122,22,214892
20200122,23,164257
20200123,0,114378
20200123,1,81306
20200123,2,62587
20200123,3,59480
20200123,4,71323
20200123,5,112005
20200123,6,188644
20200123,7,289858
20200123,8,316466
20200123,9,316982
20200123,10,345787
20200123,11,364744
20200123,12,379285
20200123,13,392158
20200123,14,419312
20200123,15,445634
20200123,16,455779
20200123,17,444462
20200123,18,403021
20200123,19,375841
20200123,20,359464
20200123,21,337280
20200123,22,304228
20200123,23,265238
20200124,0,219577
20200124,1,215402
20200124,2,186238
20200124,3,179648
20200124,4,198786
20200124,5,218930
20200124,6,249216
20200124,7,296901
20200124,8,367966
20200124,9,444599
20200124,10,498075
20200124,11,506062
20200124,12,476757
20200124,13,467126
20200124,14,472345
20200124,15,449374
20200124,16,412369
20200124,17,363728
20200124,18,306495
20200124,19,248702
20200124,20,230225
20200124,21,198635
20200124,22,162275
20200124,23,115803
20200125,0,78918
20200125,1,56988
20200125,2,45033
20200125,3,48757
20200125,4,82117
20200125,5,163837
20200125,6,290499
20200125,7,392142
20200125,8,407343
20200125,9,436012
20200125,10,476100
20200125,11,580098
20200125,12,565646
20200125,13,567526
20200125,14,559893
20200125,15,571397
20200125,16,575652
20200125,17,514618
20200125,18,437544
20200125,19,403705
20200125,20,387084
20200125,21,358342
20200125,22,307910
20200125,23,240013
20200126,0,178870
20200126,1,146516
20200126,2,107065
20200126,3,80870
20200126,4,80795
20200126,5,116160
20200126,6,170207
20200126,7,220816
20200126,8,275404
20200126,9,338473
20200126,10,425371
20200126,11,497044
20200126,12,491082
20200126,13,492913
20200126,14,514947
20200126,15,529564
20200126,16,519115
20200126,17,472569
20200126,18,417940
20200126,19,381342
20200126,20,362239
20200126,21,331417
20200126,22,280557
20200126,23,220917
20200127,0,170408
20200127,1,143087
20200127,2,97669
20200127,3,60117
20200127,4,48388
20200127,5,65395
20200127,6,103953
20200127,7,149528
20200127,8,190315
20200127,9,239167
20200127,10,314773
20200127,11,379835
20200127,12,413399
20200127,13,418063
20200127,14,431064
20200127,15,435628
20200127,16,411082
20200127,17,363347
20200127,18,318991
20200127,19,293795
20200127,20,279671
20200127,21,253349
20200127,22,206433
20200127,23,145051
20200128,0,86427
20200128,1,52452
20200128,2,36139
20200128,3,37062
20200128,4,53747
20200128,5,137020
20200128,6,249722
20200128,7,331101
20200128,8,304334
20200128,9,300496
20200128,10,337277
20200128,11,356393
20200128,12,348363
20200128,13,367727
20200128,14,379634
20200128,15,374736
20200128,16,373057
20200128,17,367546
20200128,18,314683
20200128,19,264162
20200128,20,232022
20200128,21,210549
20200128,22,170085
20200128,23,125776
20200129,0,88114
20200129,1,61149
20200129,2,51728
20200129,3,51573
20200129,4,71633
20200129,5,133584
20200129,6,225517
20200129,7,316931
20200129,8,333338
20200129,9,330050
20200129,10,343273
20200129,11,340994
20200129,12,335463
20200129,13,333590
20200129,14,344754
20200129,15,349641
20200129,16,359995
20200129,17,369926
20200129,18,327396
20200129,19,258027
20200129,20,216882
20200129,21,199224
20200129,22,160474
20200129,23,122146
20200130,0,85423
20200130,1,61720
20200130,2,50379
20200130,3,51344
20200130,4,66381
20200130,5,114751
20200130,6,205013
20200130,7,306312
20200130,8,341793
20200130,9,338135
20200130,10,347173
20200130,11,329376
20200130,12,338227
20200130,13,342040
20200130,14,344954
20200130,15,355448
20200130,16,368031
20200130,17,372067
20200130,18,333780
20200130,19,268905
20200130,20,234872
20200130,21,207596
20200130,22,170819
20200130,23,123052
20200131,0,85859
20200131,1,63035
20200131,2,51447
20200131,3,50414
20200131,4,65412
20200131,5,112614
20200131,6,201595
20200131,7,296202
20200131,8,324210
20200131,9,314840
20200131,10,330865
20200131,11,334187
20200131,12,336278
20200131,13,354234
20200131,14,370061
20200131,15,383099
20200131,16,409380
20200131,17,429356
20200131,18,416114
20200131,19,351145
20200131,20,305675
20200131,21,264943
20200131,22,199173
20200131,23,142914
20200201,0,100593
20200201,1,70732
20200201,2,53857
20200201,3,47215
20200201,4,55504
20200201,5,87442
20200201,6,138373
20200201,7,189658
20200201,8,265059
20200201,9,326621
20200201,10,362534
20200201,11,365399
20200201,12,349601
20200201,13,345204
20200201,14,366395
20200201,15,380733
20200201,16,379103
20200201,17,366830
20200201,18,302433
20200201,19,241746
20200201,20,208204
20200201,21,187706
20200201,22,143822
20200201,23,99534
20200202,0,65420
20200202,1,43770
20200202,2,30241
20200202,3,23933
20200202,4,25261
20200202,5,39927
20200202,6,69192
20200202,7,107374
20200202,8,154122
20200202,9,210883
20200202,10,264071
20200202,11,287413
20200202,12,287675
20200202,13,308392
20200202,14,345090
20200202,15,364207
20200202,16,367839
20200202,17,341637
20200202,18,291080
20200202,19,264379
20200202,20,253787
20200202,21,237517
20200202,22,185166
20200202,23,123975
20200203,0,77108
20200203,1,48798
20200203,2,37912
20200203,3,41060
20200203,4,71634
20200203,5,163764
20200203,6,291622
20200203,7,365565
20200203,8,339372
20200203,9,309845
20200203,10,336769
20200203,11,328717
20200203,12,316469
20200203,13,316973
20200203,14,318717
20200203,15,332234
20200203,16,343910
20200203,17,347578
20200203,18,315477
20200203,19,251052
20200203,20,219037
20200203,21,195539
20200203,22,157407
20200203,23,114347
20200204,0,82463
20200204,1,58040
20200204,2,46811
20200204,3,49572
20200204,4,66237
20200204,5,112739
20200204,6,168465
20200204,7,299448
20200204,8,322485
20200204,9,322500
20200204,10,325283
20200204,11,326850
20200204,12,314885
20200204,13,327824
20200204,14,335752
20200204,15,339602
20200204,16,350750
20200204,17,357767
20200204,18,320854
20200204,19,249670
20200204,20,214837
20200204,21,190407
20200204,22,153963
20200204,23,115831
20200205,0,81955
20200205,1,57551
20200205,2,46320
20200205,3,46189
20200205,4,59575
20200205,5,103782
20200205,6,196113
20200205,7,298834
20200205,8,322611
20200205,9,314234
20200205,10,331735
20200205,11,329620
20200205,12,316204
20200205,13,326373
20200205,14,333538
20200205,15,344099
20200205,16,374268
20200205,17,359868
20200205,18,327800
20200205,19,252968
20200205,20,217283
20200205,21,190425
20200205,22,156427
20200205,23,111448
20200206,0,77710
20200206,1,56834
20200206,2,44326
20200206,3,46078
20200206,4,61380
20200206,5,108071
20200206,6,200186
20200206,7,304057
20200206,8,323538
20200206,9,321662
20200206,10,334607
20200206,11,335633
20200206,12,336718
20200206,13,331681
20200206,14,332994
20200206,15,339461
20200206,16,351354
20200206,17,358700
20200206,18,333780
20200206,19,257347
20200206,20,220007
20200206,21,196514
20200206,22,158721
20200206,23,114902
20200207,0,80556
20200207,1,58046
20200207,2,46092
20200207,3,47248
20200207,4,62004
20200207,5,108623
20200207,6,193006
20200207,7,288798
20200207,8,301526
20200207,9,293828
20200207,10,306941
20200207,11,326488
20200207,12,328832
20200207,13,348754
20200207,14,361190
20200207,15,386834
20200207,16,413734
20200207,17,441252
20200207,18,417758
20200207,19,361599
20200207,20,310772
20200207,21,262117
20200207,22,192556
20200207,23,136435
20200208,0,93604
20200208,1,63650
20200208,2,48692
20200208,3,44245
20200208,4,52334
20200208,5,82396
20200208,6,138309
20200208,7,196041
20200208,8,262673
20200208,9,321754
20200208,10,362671
20200208,11,367211
20200208,12,350672
20200208,13,348820
20200208,14,371554
20200208,15,387090
20200208,16,386483
20200208,17,371278
20200208,18,313741
20200208,19,250248
20200208,20,213244
20200208,21,189805
20200208,22,148821
20200208,23,102568
20200209,0,66325
20200209,1,42152
20200209,2,29501
20200209,3,22689
20200209,4,22748
20200209,5,36830
20200209,6,66383
20200209,7,103441
20200209,8,150834
20200209,9,214299
20200209,10,269938
20200209,11,294584
20200209,12,291852
20200209,13,315159
20200209,14,355582
20200209,15,377856
20200209,16,379476
20200209,17,353242
20200209,18,307942
20200209,19,282762
20200209,20,273186
20200209,21,254382
20200209,22,189300
20200209,23,127238
20200210,0,73666
20200210,1,46192
20200210,2,36292
20200210,3,41237
20200210,4,74946
20200210,5,168392
20200210,6,291081
20200210,7,361657
20200210,8,342219
20200210,9,317270
20200210,10,333741
20200210,11,319649
20200210,12,304619
20200210,13,312981
20200210,14,320108
20200210,15,333204
20200210,16,347890
20200210,17,359694
20200210,18,325643
20200210,19,256189
20200210,20,221108
20200210,21,195776
20200210,22,156322
20200210,23,116373
20200211,0,82633
20200211,1,57650
20200211,2,49649
20200211,3,50828
20200211,4,65847
20200211,5,118430
20200211,6,213426
20200211,7,308865
20200211,8,337153
20200211,9,340944
20200211,10,347538
20200211,11,337184
20200211,12,321334
20200211,13,332637
20200211,14,335026
20200211,15,343292
20200211,16,356624
20200211,17,371800
20200211,18,335263
20200211,19,263998
20200211,20,228039
20200211,21,198489
20200211,22,158858
20200211,23,115995
20200212,0,81222
20200212,1,56843
20200212,2,45942
20200212,3,45667
20200212,4,58988
20200212,5,98404
20200212,6,182423
20200212,7,285218
20200212,8,316877
20200212,9,311071
20200212,10,314812
20200212,11,314137
20200212,12,300559
20200212,13,310610
20200212,14,319670
20200212,15,326921
20200212,16,335480
20200212,17,346584
20200212,18,317184
20200212,19,238928
20200212,20,201177
20200212,21,184373
20200212,22,153861
20200212,23,112428
20200213,0,78770
20200213,1,55614
20200213,2,44017
20200213,3,44512
20200213,4,60673
20200213,5,114481
20200213,6,209183
20200213,7,309175
20200213,8,338478
20200213,9,340443
20200213,10,348786
20200213,11,343231
20200213,12,330059
20200213,13,336655
20200213,14,344784
20200213,15,353845
20200213,16,365666
20200213,17,375591
20200213,18,333746
20200213,19,265919
20200213,20,231874
20200213,21,210953
20200213,22,168467
20200213,23,122556
20200214,0,84141
20200214,1,60809
20200214,2,49287
20200214,3,50119
20200214,4,66250
20200214,5,116233
20200214,6,206574
20200214,7,306807
20200214,8,335873
20200214,9,337173
20200214,10,348856
20200214,11,352604
20200214,12,352836
20200214,13,341664
20200214,14,341385
20200214,15,365404
20200214,16,415955
20200214,17,448600
20200214,18,430530
20200214,19,376918
20200214,20,329402
20200214,21,288238
20200214,22,216457
20200214,23,152963
20200215,0,103264
20200215,1,72132
20200215,2,52311
20200215,3,46347
20200215,4,56245
20200215,5,92239
20200215,6,151460
20200215,7,209324
20200215,8,277088
20200215,9,336882
20200215,10,371844
20200215,11,377755
20200215,12,348053
20200215,13,362648
20200215,14,385838
20200215,15,393182
20200215,16,399472
20200215,17,384221
20200215,18,271827
20200215,19,268088
20200215,20,237175
20200215,21,211159
20200215,22,163913
20200215,23,115046
20200216,0,70378
20200216,1,46208
20200216,2,31062
20200216,3,23454
20200216,4,25459
20200216,5,34878
20200216,6,62142
20200216,7,99368
20200216,8,145322
20200216,9,209863
20200216,10,276530
20200216,11,311150
20200216,12,305510
20200216,13,322896
20200216,14,367354
20200216,15,388721
20200216,16,384673
20200216,17,360451
20200216,18,315710
20200216,19,295129
20200216,20,267062
20200216,21,243384
20200216,22,184032
20200216,23,122013
20200217,0,77093
20200217,1,48842
20200217,2,37749
20200217,3,38942
20200217,4,65712
20200217,5,138233
20200217,6,251586
20200217,7,334185
20200217,8,320637
20200217,9,305558
20200217,10,316593
20200217,11,320641
20200217,12,310753
20200217,13,316501
20200217,14,321828
20200217,15,327658
20200217,16,331771
20200217,17,334558
20200217,18,305803
20200217,19,235081
20200217,20,196248
20200217,21,177105
20200217,22,141446
20200217,23,104855
20200218,0,74765
20200218,1,54536
20200218,2,44604
20200218,3,44969
20200218,4,61586
20200218,5,110229
20200218,6,201480
20200218,7,301976
20200218,8,325073
20200218,9,329234
20200218,10,323242
20200218,11,331860
20200218,12,317221
20200218,13,316454
20200218,14,319320
20200218,15,314417
20200218,16,335881
20200218,17,351579
20200218,18,318197
20200218,19,245139
20200218,20,208664
20200218,21,185083
20200218,22,151346
20200218,23,110122
20200219,0,77372
20200219,1,54073
20200219,2,44746
20200219,3,45644
20200219,4,61835
20200219,5,109003
20200219,6,201593
20200219,7,302195
20200219,8,333812
20200219,9,330125
20200219,10,343147
20200219,11,336059
20200219,12,311068
20200219,13,324014
20200219,14,335024
20200219,15,337891
20200219,16,349223
20200219,17,373480
20200219,18,333573
20200219,19,257016
20200219,20,220831
20200219,21,197307
20200219,22,159096
20200219,23,117673
20200220,0,81360
20200220,1,56446
20200220,2,46005
20200220,3,46667
20200220,4,60795
20200220,5,111103
20200220,6,207060
20200220,7,305576
20200220,8,322371
20200220,9,329382
20200220,10,347841
20200220,11,335849
20200220,12,322895
20200220,13,330117
20200220,14,338317
20200220,15,342979
20200220,16,361198
20200220,17,374611
20200220,18,347395
20200220,19,238640
20200220,20,225897
20200220,21,208312
20200220,22,162659
20200220,23,120384
20200221,0,80614
20200221,1,57472
20200221,2,42540
20200221,3,40869
20200221,4,63458
20200221,5,111459
20200221,6,202123
20200221,7,299885
20200221,8,318925
20200221,9,312519
20200221,10,325703
20200221,11,328842
20200221,12,339728
20200221,13,364187
20200221,14,365462
20200221,15,379741
20200221,16,396420
20200221,17,418891
20200221,18,388352
20200221,19,342864
20200221,20,286538
20200221,21,253897
20200221,22,191152
20200221,23,132667
20200222,0,86577
20200222,1,61148
20200222,2,45762
20200222,3,42073
20200222,4,51188
20200222,5,82521
20200222,6,139880
20200222,7,189646
20200222,8,239794
20200222,9,302369
20200222,10,326900
20200222,11,314502
20200222,12,315936
20200222,13,326721
20200222,14,333598
20200222,15,338220
20200222,16,337509
20200222,17,329964
20200222,18,278775
20200222,19,222919
20200222,20,185726
20200222,21,165017
20200222,22,126206
20200222,23,87395
20200223,0,55500
20200223,1,35981
20200223,2,26100
20200223,3,21487
20200223,4,23329
20200223,5,37995
20200223,6,71154
20200223,7,100198
20200223,8,132130
20200223,9,182079
20200223,10,227116
20200223,11,261214
20200223,12,262859
20200223,13,303403
20200223,14,307588
20200223,15,324517
20200223,16,319293
20200223,17,314145
20200223,18,267756
20200223,19,244216
20200223,20,236073
20200223,21,226431
20200223,22,173877
20200223,23,111891
20200224,0,67606
20200224,1,42626
20200224,2,34863
20200224,3,39853
20200224,4,70201
20200224,5,162169
20200224,6,283119
20200224,7,358877
20200224,8,326844
20200224,9,287794
20200224,10,293005
20200224,11,296845
20200224,12,291369
20200224,13,292447
20200224,14,295423
20200224,15,305938
20200224,16,308003
20200224,17,319855
20200224,18,308409
20200224,19,238805
20200224,20,200170
20200224,21,172506
20200224,22,132742
20200224,23,96753
20200225,0,68707
20200225,1,49431
20200225,2,43364
20200225,3,43770
20200225,4,55118
20200225,5,97820
20200225,6,177746
20200225,7,265041
20200225,8,297990
20200225,9,245322
20200225,10,250288
20200225,11,196669
20200225,12,253901
20200225,13,262554
20200225,14,274596
20200225,15,283770
20200225,16,290372
20200225,17,299286
20200225,18,282052
20200225,19,213015
20200225,20,178645
20200225,21,153438
20200225,22,120297
20200225,23,90658
20200226,0,66124
20200226,1,49834
20200226,2,42455
20200226,3,42650
20200226,4,60804
20200226,5,111131
20200226,6,200998
20200226,7,286124
20200226,8,289712
20200226,9,271470
20200226,10,281924
20200226,11,286330
20200226,12,275384
20200226,13,281723
20200226,14,284553
20200226,15,288072
20200226,16,295734
20200226,17,317651
20200226,18,297536
20200226,19,224360
20200226,20,189236
20200226,21,165478
20200226,22,129623
20200226,23,95537
20200227,0,69483
20200227,1,52526
20200227,2,44604
20200227,3,45783
20200227,4,61027
20200227,5,110299
20200227,6,200427
20200227,7,290638
20200227,8,288061
20200227,9,264173
20200227,10,277396
20200227,11,287049
20200227,12,278401
20200227,13,279302
20200227,14,286721
20200227,15,295344
20200227,16,295000
20200227,17,316473
20200227,18,297775
20200227,19,232334
20200227,20,199368
20200227,21,172525
20200227,22,131443
20200227,23,95368
20200228,0,68937
20200228,1,53403
20200228,2,45098
20200228,3,46488
20200228,4,60434
20200228,5,104338
20200228,6,182495
20200228,7,270595
20200228,8,273976
20200228,9,251049
20200228,10,266717
20200228,11,272327
20200228,12,274312
20200228,13,281518
20200228,14,293649
20200228,15,307663
20200228,16,329159
20200228,17,343535
20200228,18,347052
20200228,19,289452
20200228,20,249263
20200228,21,202653
20200228,22,156382
20200228,23,107141
20200229,0,70783
20200229,1,51754
20200229,2,41031
20200229,3,37688
20200229,4,46899
20200229,5,80770
20200229,6,126497
20200229,7,156874
20200229,8,189865
20200229,9,229212
20200229,10,263691
20200229,11,273499
20200229,12,262765
20200229,13,326721
20200229,14,333598
20200229,15,338220
20200229,16,337509
20200229,17,329964
20200229,18,278775
20200229,19,222919
20200229,20,185726
20200229,21,165017
20200229,22,126206
20200229,23,87395
20200301,0,44395
20200301,1,31103
20200301,2,23752
20200301,3,18776
20200301,4,20176
20200301,5,38857
20200301,6,66923
20200301,7,83756
20200301,8,102386
20200301,9,138831
20200301,10,174737
20200301,11,196644
20200301,12,206282
20200301,13,229624
20200301,14,263308
20200301,15,278303
20200301,16,282235
20200301,17,266518
20200301,18,231221
20200301,19,215533
20200301,20,209083
20200301,21,195761
20200301,22,146947
20200301,23,97518
20200302,0,59436
20200302,1,39179
20200302,2,32681
20200302,3,38254
20200302,4,66913
20200302,5,154899
20200302,6,270937
20200302,7,339539
20200302,8,305894
20200302,9,256767
20200302,10,271099
20200302,11,275225
20200302,12,266390
20200302,13,262810
20200302,14,269067
20200302,15,274638
20200302,16,280431
20200302,17,294958
20200302,18,286600
20200302,19,220407
20200302,20,180648
20200302,21,153035
20200302,22,120251
20200302,23,90773
20200303,0,67350
20200303,1,49772
20200303,2,44537
20200303,3,46393
20200303,4,64301
20200303,5,113948
20200303,6,204168
20200303,7,287997
20200303,8,291209
20200303,9,272362
20200303,10,279941
20200303,11,277610
20200303,12,270657
20200303,13,271813
20200303,14,272119
20200303,15,280635
20200303,16,288529
20200303,17,296759
20200303,18,288941
20200303,19,216737
20200303,20,183117
20200303,21,159827
20200303,22,126135
20200303,23,91434
20200304,0,66908
20200304,1,49384
20200304,2,42542
20200304,3,44887
20200304,4,59908
20200304,5,109244
20200304,6,197259
20200304,7,285523
20200304,8,288038
20200304,9,271898
20200304,10,282490
20200304,11,265226
20200304,12,229474
20200304,13,231349
20200304,14,239534
20200304,15,240824
20200304,16,252999
20200304,17,314244
20200304,18,299827
20200304,19,222593
20200304,20,185632
20200304,21,157676
20200304,22,123382
20200304,23,90867
20200305,0,64249
20200305,1,48574
20200305,2,39571
20200305,3,43813
20200305,4,61598
20200305,5,110838
20200305,6,203989
20200305,7,293152
20200305,8,306148
20200305,9,276498
20200305,10,289718
20200305,11,288075
20200305,12,270936
20200305,13,275850
20200305,14,276975
20200305,15,283997
20200305,16,297207
20200305,17,319040
20200305,18,304535
20200305,19,234729
20200305,20,201045
20200305,21,171485
20200305,22,131673
20200305,23,95584
20200306,0,69042
20200306,1,50693
20200306,2,44084
20200306,3,45115
20200306,4,62349
20200306,5,112368
20200306,6,205754
20200306,7,290423
20200306,8,303170
20200306,9,277933
20200306,10,285256
20200306,11,292132
20200306,12,289115
20200306,13,298305
20200306,14,317210
20200306,15,337210
20200306,16,357091
20200306,17,388508
20200306,18,392102
20200306,19,330609
20200306,20,279509
20200306,21,230543
20200306,22,163108
20200306,23,119957
20200307,0,76333
20200307,1,55847
20200307,2,44178
20200307,3,39314
20200307,4,48991
20200307,5,84846
20200307,6,134180
20200307,7,165143
20200307,8,200650
20200307,9,243758
20200307,10,281321
20200307,11,294160
20200307,12,286326
20200307,13,288938
20200307,14,292542
20200307,15,300031
20200307,16,306567
20200307,17,299771
20200307,18,245574
20200307,19,192277
20200307,20,164748
20200307,21,141565
20200307,22,108967
20200307,23,73198
20200308,0,45884
20200308,1,31292
20200308,2,24754
20200308,3,18729
20200308,4,20560
20200308,5,39670
20200308,6,70154
20200308,7,85910
20200308,8,107710
20200308,9,152770
20200308,10,204183
20200308,11,231424
20200308,12,237804
20200308,13,255567
20200308,14,285853
20200308,15,304975
20200308,16,310924
20200308,17,304992
20200308,18,273893
20200308,19,253215
20200308,20,253258
20200308,21,239766
20200308,22,180979
20200308,23,112241
20200309,0,66090
20200309,1,42915
20200309,2,34443
20200309,3,39532
20200309,4,70062
20200309,5,164861
20200309,6,287303
20200309,7,355308
20200309,8,320281
20200309,9,288207
20200309,10,298451
20200309,11,296076
20200309,12,276604
20200309,13,285689
20200309,14,290032
20200309,15,300158
20200309,16,302413
20200309,17,315427
20200309,18,294996
20200309,19,226345
20200309,20,194206
20200309,21,164610
20200309,22,125497
20200309,23,91782
20200310,0,67740
20200310,1,49798
20200310,2,41896
20200310,3,42678
20200310,4,56658
20200310,5,97675
20200310,6,181541
20200310,7,271358
20200310,8,283256
20200310,9,266434
20200310,10,269172
20200310,11,269286
20200310,12,266516
20200310,13,268860
20200310,14,278080
20200310,15,284823
20200310,16,294969
20200310,17,293561
20200310,18,275613
20200310,19,215914
20200310,20,181577
20200310,21,159194
20200310,22,123118
20200310,23,90983
20200311,0,65417
20200311,1,52294
20200311,2,41474
20200311,3,43888
20200311,4,62271
20200311,5,117035
20200311,6,213479
20200311,7,299852
20200311,8,307263
20200311,9,294545
20200311,10,304534
20200311,11,303289
20200311,12,290353
20200311,13,291383
20200311,14,294546
20200311,15,299544
20200311,16,310993
20200311,17,331549
20200311,18,316137
20200311,19,254495
20200311,20,202065
20200311,21,171989
20200311,22,132116
20200311,23,99161
20200312,0,70681
20200312,1,52800
20200312,2,44359
20200312,3,45738
20200312,4,62716
20200312,5,118294
20200312,6,219666
20200312,7,299538
20200312,8,306081
20200312,9,290448
20200312,10,308746
20200312,11,308653
20200312,12,290385
20200312,13,296284
20200312,14,299781
20200312,15,304871
20200312,16,319150
20200312,17,338673
20200312,18,319886
20200312,19,248065
20200312,20,211087
20200312,21,183676
20200312,22,137755
20200312,23,99145
20200313,0,71081
20200313,1,53822
20200313,2,44890
20200313,3,47022
20200313,4,64400
20200313,5,115310
20200313,6,206998
20200313,7,291811
20200313,8,299005
20200313,9,283585
20200313,10,305395
20200313,11,308798
20200313,12,311094
20200313,13,315758
20200313,14,330794
20200313,15,356052
20200313,16,375681
20200313,17,411988
20200313,18,418847
20200313,19,342336
20200313,20,291152
20200313,21,250182
20200313,22,177883
20200313,23,118605
20200314,0,80160
20200314,1,57706
20200314,2,47217
20200314,3,43282
20200314,4,53023
20200314,5,96720
20200314,6,156282
20200314,7,188993
20200314,8,228812
20200314,9,277923
20200314,10,313803
20200314,11,321744
20200314,12,311383
20200314,13,312651
20200314,14,321190
20200314,15,332424
20200314,16,336178
20200314,17,327094
20200314,18,290943
20200314,19,230785
20200314,20,190281
20200314,21,170055
20200314,22,130201
20200314,23,83443
20200315,0,51576
20200315,1,34463
20200315,2,25356
20200315,3,20690
20200315,4,23829
20200315,5,43365
20200315,6,76576
20200315,7,93937
20200315,8,119046
20200315,9,168416
20200315,10,221275
20200315,11,253337
20200315,12,254815
20200315,13,271415
20200315,14,289847
20200315,15,325449
20200315,16,342325
20200315,17,326570
20200315,18,286043
20200315,19,268595
20200315,20,275170
20200315,21,257305
20200315,22,192226
20200315,23,120061
20200316,0,68003
20200316,1,43182
20200316,2,35120
20200316,3,40461
20200316,4,73655
20200316,5,172245
20200316,6,301278
20200316,7,370089
20200316,8,330994
20200316,9,286117
20200316,10,306177
20200316,11,302307
20200316,12,294451
20200316,13,291546
20200316,14,301297
20200316,15,306415
20200316,16,308561
20200316,17,330751
20200316,18,311466
20200316,19,231762
20200316,20,206610
20200316,21,179428
20200316,22,136194
20200316,23,97100
20200317,0,68535
20200317,1,51190
20200317,2,44095
20200317,3,46214
20200317,4,64243
20200317,5,118797
20200317,6,211128
20200317,7,293610
20200317,8,297833
20200317,9,284256
20200317,10,302298
20200317,11,309397
20200317,12,295912
20200317,13,300973
20200317,14,305756
20200317,15,311437
20200317,16,309944
20200317,17,322553
20200317,18,311183
20200317,19,232976
20200317,20,199118
20200317,21,175329
20200317,22,137426
20200317,23,99779
20200318,0,69482
20200318,1,51728
20200318,2,42657
20200318,3,45738
20200318,4,62157
20200318,5,119450
20200318,6,216573
20200318,7,302112
20200318,8,309337
20200318,9,291204
20200318,10,296824
20200318,11,298739
20200318,12,297282
20200318,13,301339
20200318,14,300502
20200318,15,314204
20200318,16,323035
20200318,17,340860
20200318,18,320427
20200318,19,236671
20200318,20,201758
20200318,21,175842
20200318,22,143626
20200318,23,104770
20200319,0,72014
20200319,1,52615
20200319,2,44600
20200319,3,45505
20200319,4,62307
20200319,5,115559
20200319,6,214082
20200319,7,301917
20200319,8,303140
20200319,9,292601
20200319,10,304902
20200319,11,306456
20200319,12,294349
20200319,13,298381
20200319,14,303918
20200319,15,329053
20200319,16,318505
20200319,17,335552
20200319,18,324360
20200319,19,243303
20200319,20,205680
20200319,21,181312
20200319,22,139074
20200319,23,98665
20200320,0,69037
20200320,1,52156
20200320,2,42893
20200320,3,44465
20200320,4,64149
20200320,5,118776
20200320,6,214738
20200320,7,302134
20200320,8,311333
20200320,9,296306
20200320,10,313269
20200320,11,324326
20200320,12,321244
20200320,13,331139
20200320,14,343651
20200320,15,364455
20200320,16,380629
20200320,17,414851
20200320,18,428821
20200320,19,357238
20200320,20,305359
20200320,21,268951
20200320,22,191343
20200320,23,123977
20200321,0,85244
20200321,1,61022
20200321,2,46447
20200321,3,42698
20200321,4,53667
20200321,5,98380
20200321,6,149998
20200321,7,195501
20200321,8,234638
20200321,9,284820
20200321,10,324554
20200321,11,333100
20200321,12,323126
20200321,13,325792
20200321,14,336011
20200321,15,341820
20200321,16,340372
20200321,17,328850
20200321,18,296449
20200321,19,242957
20200321,20,204574
20200321,21,177123
20200321,22,135740
20200321,23,88731
20200322,0,54815
20200322,1,36499
20200322,2,25386
20200322,3,21357
20200322,4,23837
20200322,5,46457
20200322,6,81926
20200322,7,102078
20200322,8,132477
20200322,9,184994
20200322,10,243125
20200322,11,274903
20200322,12,279361
20200322,13,298260
20200322,14,326470
20200322,15,346138
20200322,16,349722
20200322,17,341639
20200322,18,312781
20200322,19,291220
20200322,20,282803
20200322,21,268704
20200322,22,205376
20200322,23,123578
20200323,0,69806
20200323,1,42734
20200323,2,34928
20200323,3,42126
20200323,4,74959
20200323,5,175651
20200323,6,307846
20200323,7,368977
20200323,8,332228
20200323,9,293961
20200323,10,304013
20200323,11,308435
20200323,12,298666
20200323,13,303740
20200323,14,302023
20200323,15,305509
20200323,16,319277
20200323,17,329229
20200323,18,314033
20200323,19,239338
20200323,20,210023
20200323,21,184470
20200323,22,144591
20200323,23,105469
20200324,0,73182
20200324,1,53107
20200324,2,46165
20200324,3,46690
20200324,4,67445
20200324,5,128157
20200324,6,232808
20200324,7,317930
20200324,8,318290
20200324,9,304111
20200324,10,313832
20200324,11,307811
20200324,12,302282
20200324,13,305989
20200324,14,305422
20200324,15,314817
20200324,16,328803
20200324,17,340178
20200324,18,319830
20200324,19,237531
20200324,20,202156
20200324,21,179183
20200324,22,141039
20200324,23,101739
20200325,0,73399
20200325,1,54086
20200325,2,44460
20200325,3,46316
20200325,4,64173
20200325,5,124560
20200325,6,225423
20200325,7,314432
20200325,8,318639
20200325,9,305316
20200325,10,312048
20200325,11,318027
20200325,12,304481
20200325,13,312685
20200325,14,315923
20200325,15,325902
20200325,16,332835
20200325,17,349463
20200325,18,334031
20200325,19,251261
20200325,20,214120
20200325,21,185602
20200325,22,143645
20200325,23,105604
20200326,0,72836
20200326,1,51448
20200326,2,42833
20200326,3,43667
20200326,4,63020
20200326,5,118170
20200326,6,221598
20200326,7,313809
20200326,8,315783
20200326,9,298941
20200326,10,313372
20200326,11,312754
20200326,12,299545
20200326,13,308433
20200326,14,315158
20200326,15,323280
20200326,16,328459
20200326,17,339624
20200326,18,314546
20200326,19,241521
20200326,20,205823
20200326,21,178256
20200326,22,134525
20200326,23,95276
20200327,0,68009
20200327,1,49461
20200327,2,41523
20200327,3,40935
20200327,4,55048
20200327,5,99396
20200327,6,190839
20200327,7,284584
20200327,8,294570
20200327,9,283563
20200327,10,308230
20200327,11,312439
20200327,12,317508
20200327,13,333975
20200327,14,347762
20200327,15,364020
20200327,16,384368
20200327,17,411815
20200327,18,416002
20200327,19,352949
20200327,20,299175
20200327,21,260556
20200327,22,189769
20200327,23,125636
20200328,0,83302
20200328,1,59355
20200328,2,45146
20200328,3,43332
20200328,4,57176
20200328,5,108153
20200328,6,168489
20200328,7,205104
20200328,8,247791
20200328,9,298983
20200328,10,330231
20200328,11,335549
20200328,12,328885
20200328,13,353345
20200328,14,346249
20200328,15,344663
20200328,16,338003
20200328,17,340437
20200328,18,299457
20200328,19,239736
20200328,20,208964
20200328,21,184905
20200328,22,138139
20200328,23,89509
20200329,0,57246
20200329,1,38441
20200329,2,27492
20200329,3,22966
20200329,4,27913
20200329,5,53745
20200329,6,93135
20200329,7,111201
20200329,8,139523
20200329,9,194629
20200329,10,254917
20200329,11,287174
20200329,12,285542
20200329,13,306911
20200329,14,343469
20200329,15,360137
20200329,16,363882
20200329,17,359767
20200329,18,322500
20200329,19,295459
20200329,20,280458
20200329,21,270303
20200329,22,201410
20200329,23,124144
20200330,0,38243
20200330,1,20378
20200330,2,34928
20200330,3,42126
20200330,4,74959
20200330,5,175651
20200330,6,307846
20200330,7,368977
20200330,8,332228
20200330,9,293961
20200330,10,304013
20200330,11,308435
20200330,12,298666
20200330,13,303740
20200330,14,302023
20200330,15,305509
20200330,16,319277
20200330,17,329229
20200330,18,314033
20200330,19,239338
20200330,20,210023
20200330,21,184470
20200330,22,144591
20200330,23,105469
20200331,0,72733
20200331,1,53397
20200331,2,44698
20200331,3,46848
20200331,4,64299
20200331,5,123308
20200331,6,230153
20200331,7,310439
20200331,8,313443
20200331,9,300840
20200331,10,311831
20200331,11,314022
20200331,12,297383
20200331,13,303459
20200331,14,305355
20200331,15,307939
20200331,16,321634
20200331,17,339577
20200331,18,322838
20200331,19,246940
20200331,20,214239
20200331,21,187826
20200331,22,144072
20200331,23,101827
20200401,0,72022
20200401,1,53063
20200401,2,43042
20200401,3,44911
20200401,4,66681
20200401,5,122908
20200401,6,226065
20200401,7,311816
20200401,8,319149
20200401,9,299881
20200401,10,320571
20200401,11,316502
20200401,12,305597
20200401,13,308747
20200401,14,311144
20200401,15,319267
20200401,16,324096
20200401,17,347785
20200401,18,327711
20200401,19,249263
20200401,20,215411
20200401,21,191362
20200401,22,161040
20200401,23,106767
20200402,0,73023
20200402,1,53420
20200402,2,45079
20200402,3,48489
20200402,4,66633
20200402,5,128025
20200402,6,236702
20200402,7,317060
20200402,8,324342
20200402,9,307189
20200402,10,326369
20200402,11,338620
20200402,12,316485
20200402,13,318087
20200402,14,336583
20200402,15,350323
20200402,16,360249
20200402,17,361664
20200402,18,338440
20200402,19,272970
20200402,20,233673
20200402,21,195550
20200402,22,151734
20200402,23,106317
20200403,0,77144
20200403,1,55357
20200403,2,47478
20200403,3,49224
20200403,4,68699
20200403,5,131100
20200403,6,234222
20200403,7,312551
20200403,8,316284
20200403,9,306376
20200403,10,322830
20200403,11,335308
20200403,12,332851
20200403,13,344737
20200403,14,363342
20200403,15,380444
20200403,16,410408
20200403,17,458545
20200403,18,441731
20200403,19,375653
20200403,20,327679
20200403,21,288211
20200403,22,211778
20200403,23,138329
20200404,0,90940
20200404,1,62087
20200404,2,48487
20200404,3,45755
20200404,4,60674
20200404,5,112991
20200404,6,182025
20200404,7,229489
20200404,8,274859
20200404,9,321253
20200404,10,348375
20200404,11,355340
20200404,12,345172
20200404,13,343840
20200404,14,367732
20200404,15,366357
20200404,16,368452
20200404,17,371960
20200404,18,327691
20200404,19,264524
20200404,20,224405
20200404,21,201204
20200404,22,152243
20200404,23,95664
20200405,0,57219
20200405,1,38252
20200405,2,26660
20200405,3,23569
20200405,4,28580
20200405,5,60270
20200405,6,108636
20200405,7,139706
20200405,8,178009
20200405,9,207678
20200405,10,273941
20200405,11,308135
20200405,12,309784
20200405,13,340122
20200405,14,367865
20200405,15,381554
20200405,16,391864
20200405,17,376158
20200405,18,343947
20200405,19,303843
20200405,20,301442
20200405,21,293245
20200405,22,223764
20200405,23,134700
20200406,0,74106
20200406,1,45633
20200406,2,36811
20200406,3,43248
20200406,4,81112
20200406,5,187734
20200406,6,324965
20200406,7,378083
20200406,8,349949
20200406,9,307064
20200406,10,320233
20200406,11,326377
20200406,12,304563
20200406,13,298790
20200406,14,302566
20200406,15,323882
20200406,16,343309
20200406,17,346093
20200406,18,324050
20200406,19,244958
20200406,20,214777
20200406,21,187692
20200406,22,142884
20200406,23,103985
20200407,0,72325
20200407,1,53683
20200407,2,45059
20200407,3,48437
20200407,4,67936
20200407,5,128557
20200407,6,239994
20200407,7,318028
20200407,8,351913
20200407,9,314788
20200407,10,323096
20200407,11,316690
20200407,12,299110
20200407,13,297659
20200407,14,309461
20200407,15,321138
20200407,16,332133
20200407,17,349190
20200407,18,319766
20200407,19,244899
20200407,20,211615
20200407,21,187663
20200407,22,144883
20200407,23,100282
20200408,0,70512
20200408,1,51402
20200408,2,41391
20200408,3,43705
20200408,4,62617
20200408,5,121304
20200408,6,223898
20200408,7,297332
20200408,8,307595
20200408,9,292260
20200408,10,304402
20200408,11,304221
20200408,12,293160
20200408,13,297293
20200408,14,301363
20200408,15,306768
20200408,16,322835
20200408,17,344092
20200408,18,315066
20200408,19,246991
20200408,20,203575
20200408,21,178547
20200408,22,141023
20200408,23,102275
20200409,0,69375
20200409,1,49674
20200409,2,41263
20200409,3,42572
20200409,4,62449
20200409,5,125905
20200409,6,233808
20200409,7,311255
20200409,8,315153
20200409,9,302096
20200409,10,315524
20200409,11,317423
20200409,12,302740
20200409,13,312177
20200409,14,321358
20200409,15,328761
20200409,16,349855
20200409,17,367612
20200409,18,337504
20200409,19,264989
20200409,20,232340
20200409,21,202530
20200409,22,158750
20200409,23,111847
20200410,0,75135
20200410,1,53565
20200410,2,45072
20200410,3,46883
20200410,4,67732
20200410,5,131123
20200410,6,229968
20200410,7,315287
20200410,8,315765
20200410,9,306750
20200410,10,327551
20200410,11,333803
20200410,12,335576
20200410,13,352205
20200410,14,362761
20200410,15,376805
20200410,16,411745
20200410,17,435729
20200410,18,449636
20200410,19,404501
20200410,20,324494
20200410,21,285995
20200410,22,205957
20200410,23,133909
20200411,0,88638
20200411,1,62428
20200411,2,48536
20200411,3,44459
20200411,4,58960
20200411,5,113821
20200411,6,183807
20200411,7,226847
20200411,8,267112
20200411,9,319451
20200411,10,352184
20200411,11,354778
20200411,12,338174
20200411,13,337324
20200411,14,355673
20200411,15,361016
20200411,16,362194
20200411,17,358191
20200411,18,311646
20200411,19,251243
20200411,20,219145
20200411,21,193254
20200411,22,145317
20200411,23,92952
20200412,0,58734
20200412,1,36904
20200412,2,26697
20200412,3,22249
20200412,4,26117
20200412,5,55660
20200412,6,96321
20200412,7,116253
20200412,8,148786
20200412,9,209375
20200412,10,268284
20200412,11,294197
20200412,12,303462
20200412,13,337510
20200412,14,355330
20200412,15,373782
20200412,16,367693
20200412,17,351472
20200412,18,314324
20200412,19,288621
20200412,20,278299
20200412,21,272371
20200412,22,204111
20200412,23,126399
20200413,0,70997
20200413,1,44884
20200413,2,37212
20200413,3,43435
20200413,4,80503
20200413,5,187729
20200413,6,327860
20200413,7,383387
20200413,8,348333
20200413,9,311580
20200413,10,326568
20200413,11,329948
20200413,12,314411
20200413,13,316143
20200413,14,312386
20200413,15,320149
20200413,16,321811
20200413,17,336571
20200413,18,317961
20200413,19,248894
20200413,20,219992
20200413,21,194371
20200413,22,150090
20200413,23,107778
20200414,0,75795
20200414,1,54639
20200414,2,47568
20200414,3,48305
20200414,4,67795
20200414,5,133885
20200414,6,245918
20200414,7,324659
20200414,8,324705
20200414,9,317443
20200414,10,332384
20200414,11,334842
20200414,12,309984
20200414,13,315036
20200414,14,325858
20200414,15,335044
20200414,16,357575
20200414,17,388602
20200414,18,381320
20200414,19,312990
20200414,20,257286
20200414,21,219911
20200414,22,166810
20200414,23,117368
20200415,0,79489
20200415,1,56969
20200415,2,44686
20200415,3,40232
20200415,4,51406
20200415,5,91840
20200415,6,147622
20200415,7,177702
20200415,8,205615
20200415,9,250985
20200415,10,292241
20200415,11,295958
20200415,12,273996
20200415,13,270201
20200415,14,287310
20200415,15,294322
20200415,16,294607
20200415,17,281421
20200415,18,244995
20200415,19,207366
20200415,20,202500
20200415,21,186095
20200415,22,145035
20200415,23,92528
20200416,0,59969
20200416,1,40851
20200416,2,34103
20200416,3,38538
20200416,4,64515
20200416,5,148832
20200416,6,276119
20200416,7,350925
20200416,8,334083
20200416,9,319502
20200416,10,329153
20200416,11,321551
20200416,12,313925
20200416,13,311891
20200416,14,313891
20200416,15,326872
20200416,16,341130
20200416,17,360979
20200416,18,336174
20200416,19,257994
20200416,20,225636
20200416,21,201460
20200416,22,157420
20200416,23,113287
20200417,0,78297
20200417,1,55833
20200417,2,46317
20200417,3,47799
20200417,4,63197
20200417,5,111343
20200417,6,205553
20200417,7,287135
20200417,8,301227
20200417,9,293054
20200417,10,308457
20200417,11,314265
20200417,12,312648
20200417,13,322891
20200417,14,337538
20200417,15,363023
20200417,16,388700
20200417,17,430664
20200417,18,423353
20200417,19,354310
20200417,20,302351
20200417,21,265043
20200417,22,190882
20200417,23,128836
20200418,0,86255
20200418,1,60760
20200418,2,48533
20200418,3,44153
20200418,4,59070
20200418,5,117085
20200418,6,182612
20200418,7,217785
20200418,8,263324
20200418,9,313247
20200418,10,350460
20200418,11,361644
20200418,12,381632
20200418,13,402174
20200418,14,381327
20200418,15,357117
20200418,16,351938
20200418,17,356960
20200418,18,311063
20200418,19,245672
20200418,20,223663
20200418,21,202555
20200418,22,155922
20200418,23,101503
20200419,0,61750
20200419,1,40903
20200419,2,29016
20200419,3,24414
20200419,4,27575
20200419,5,55775
20200419,6,93106
20200419,7,110755
20200419,8,143635
20200419,9,200013
20200419,10,268914
20200419,11,294862
20200419,12,295624
20200419,13,318920
20200419,14,345977
20200419,15,355318
20200419,16,346225
20200419,17,327047
20200419,18,292931
20200419,19,263325
20200419,20,250192
20200419,21,234771
20200419,22,180035
20200419,23,111294
20200420,0,65868
20200420,1,41301
20200420,2,33343
20200420,3,38682
20200420,4,74742
20200420,5,179883
20200420,6,314042
20200420,7,359885
20200420,8,329845
20200420,9,296967
20200420,10,309862
20200420,11,309336
20200420,12,296634
20200420,13,296493
20200420,14,300337
20200420,15,306921
20200420,16,318921
20200420,17,328638
20200420,18,303815
20200420,19,236866
20200420,20,203722
20200420,21,177953
20200420,22,140919
20200420,23,102006
20200421,0,71861
20200421,1,52071
20200421,2,44365
20200421,3,45648
20200421,4,64149
20200421,5,131813
20200421,6,239829
20200421,7,316603
20200421,8,320102
20200421,9,307006
20200421,10,310579
20200421,11,307039
20200421,12,295366
20200421,13,301637
20200421,14,304775
20200421,15,311250
20200421,16,331780
20200421,17,355040
20200421,18,331081
20200421,19,251419
20200421,20,217583
20200421,21,190528
20200421,22,150001
20200421,23,107594
20200422,0,73867
20200422,1,53636
20200422,2,44274
20200422,3,46209
20200422,4,65616
20200422,5,129039
20200422,6,239964
20200422,7,318054
20200422,8,329366
20200422,9,317180
20200422,10,336548
20200422,11,326437
20200422,12,303314
20200422,13,308956
20200422,14,313972
20200422,15,316073
20200422,16,335519
20200422,17,366342
20200422,18,330700
20200422,19,249229
20200422,20,210620
20200422,21,188353
20200422,22,149099
20200422,23,106706
20200423,0,72616
20200423,1,51866
20200423,2,44007
20200423,3,47160
20200423,4,65644
20200423,5,133250
20200423,6,245726
20200423,7,314298
20200423,8,316671
20200423,9,315780
20200423,10,338615
20200423,11,332290
20200423,12,318948
20200423,13,318658
20200423,14,325116
20200423,15,337452
20200423,16,353242
20200423,17,367283
20200423,18,331535
20200423,19,267845
20200423,20,236366
20200423,21,205474
20200423,22,163674
20200423,23,114466
20200424,0,75873
20200424,1,56658
20200424,2,46635
20200424,3,48517
20200424,4,68432
20200424,5,137114
20200424,6,246006
20200424,7,322124
20200424,8,325778
20200424,9,317047
20200424,10,332896
20200424,11,321796
20200424,12,331135
20200424,13,355055
20200424,14,369290
20200424,15,383796
20200424,16,419249
20200424,17,446216
20200424,18,435314
20200424,19,368020
20200424,20,314831
20200424,21,285902
20200424,22,207749
20200424,23,141478
20200425,0,96592
20200425,1,65594
20200425,2,50249
20200425,3,46146
20200425,4,61553
20200425,5,117797
20200425,6,183644
20200425,7,232327
20200425,8,290222
20200425,9,327220
20200425,10,368568
20200425,11,368917
20200425,12,345951
20200425,13,351377
20200425,14,369018
20200425,15,376829
20200425,16,380312
20200425,17,370513
20200425,18,325505
20200425,19,265304
20200425,20,244970
20200425,21,217969
20200425,22,167063
20200425,23,106177
20200426,0,66265
20200426,1,43991
20200426,2,30005
20200426,3,23642
20200426,4,28774
20200426,5,62918
20200426,6,104090
20200426,7,129884
20200426,8,168751
20200426,9,233864
20200426,10,293922
20200426,11,320476
20200426,12,314950
20200426,13,324876
20200426,14,369114
20200426,15,383866
20200426,16,394573
20200426,17,378321
20200426,18,346390
20200426,19,309646
20200426,20,296982
20200426,21,297873
20200426,22,223227
20200426,23,133920
20200427,0,73905
20200427,1,48052
20200427,2,37662
20200427,3,45149
20200427,4,82603
20200427,5,197229
20200427,6,333607
20200427,7,380859
20200427,8,355731
20200427,9,326396
20200427,10,339524
20200427,11,336932
20200427,12,323290
20200427,13,325233
20200427,14,325872
20200427,15,332156
20200427,16,339644
20200427,17,346583
20200427,18,282617
20200427,19,258615
20200427,20,224563
20200427,21,201928
20200427,22,162715
20200427,23,113301
20200428,0,83477
20200428,1,58283
20200428,2,50192
20200428,3,52762
20200428,4,71284
20200428,5,144955
20200428,6,259925
20200428,7,333062
20200428,8,341805
20200428,9,329996
20200428,10,343951
20200428,11,339790
20200428,12,326368
20200428,13,331374
20200428,14,341370
20200428,15,345315
20200428,16,358616
20200428,17,371384
20200428,18,343011
20200428,19,263635
20200428,20,234564
20200428,21,213066
20200428,22,175019
20200428,23,126551
20200429,0,87868
20200429,1,62819
20200429,2,50945
20200429,3,51443
20200429,4,73031
20200429,5,138938
20200429,6,254125
20200429,7,324873
20200429,8,329006
20200429,9,315936
20200429,10,337363
20200429,11,344116
20200429,12,339152
20200429,13,344145
20200429,14,361950
20200429,15,382344
20200429,16,417345
20200429,17,452587
20200429,18,444599
20200429,19,411081
20200429,20,363208
20200429,21,355056
20200429,22,300299
20200429,23,221786
20200430,0,138954
20200430,1,92381
20200430,2,68438
20200430,3,60743
20200430,4,86453
20200430,5,177785
20200430,6,259785
20200430,7,284187
20200430,8,322852
20200430,9,379699
20200430,10,413710
20200430,11,415982
20200430,12,405263
20200430,13,401781
20200430,14,390018
20200430,15,397703
20200430,16,395326
20200430,17,386944
20200430,18,355117
20200430,19,310847
20200430,20,285057
20200430,21,259163
20200430,22,201277
20200430,23,128001
20200501,0,30723
20200501,1,54424
20200501,2,41022
20200501,3,37978
20200501,4,53702
20200501,5,109344
20200501,6,193666
20200501,7,248233
20200501,8,299571
20200501,9,360944
20200501,10,400453
20200501,11,412521
20200501,12,400929
20200501,13,410271
20200501,14,419435
20200501,15,420585
20200501,16,427509
20200501,17,432977
20200501,18,392468
20200501,19,340460
20200501,20,298479
20200501,21,283384
20200501,22,219628
20200501,23,154542
20200502,0,93772
20200502,1,63262
20200502,2,47749
20200502,3,42134
20200502,4,56166
20200502,5,111692
20200502,6,188314
20200502,7,239068
20200502,8,287432
20200502,9,356194
20200502,10,411508
20200502,11,439591
20200502,12,422709
20200502,13,417567
20200502,14,444101
20200502,15,446513
20200502,16,442065
20200502,17,430534
20200502,18,391569
20200502,19,326657
20200502,20,305581
20200502,21,282699
20200502,22,238036
20200502,23,180247
20200503,0,102268
20200503,1,58894
20200503,2,36271
20200503,3,27561
20200503,4,31780
20200503,5,62829
20200503,6,111835
20200503,7,149135
20200503,8,205247
20200503,9,283126
20200503,10,367079
20200503,11,396392
20200503,12,397796
20200503,13,405494
20200503,14,432621
20200503,15,448128
20200503,16,449378
20200503,17,456869
20200503,18,423102
20200503,19,338305
20200503,20,308310
20200503,21,309676
20200503,22,261658
20200503,23,187865
20200504,0,108312
20200504,1,59017
20200504,2,40926
20200504,3,40942
20200504,4,72762
20200504,5,162794
20200504,6,261029
20200504,7,298271
20200504,8,294935
20200504,9,303917
20200504,10,341837
20200504,11,359910
20200504,12,350291
20200504,13,305753
20200504,14,370605
20200504,15,387436
20200504,16,402182
20200504,17,411584
20200504,18,384257
20200504,19,325213
20200504,20,276239
20200504,21,251706
20200504,22,205252
20200504,23,145617
20200505,0,96673
20200505,1,65560
20200505,2,49362
20200505,3,42020
20200505,4,51394
20200505,5,101551
20200505,6,151577
20200505,7,166915
20200505,8,197159
20200505,9,265658
20200505,10,328468
20200505,11,341463
20200505,12,318896
20200505,13,319167
20200505,14,344619
20200505,15,354008
20200505,16,373362
20200505,17,359630
20200505,18,313643
20200505,19,272947
20200505,20,265900
20200505,21,259430
20200505,22,195512
20200505,23,126373
20200506,0,73007
20200506,1,47069
20200506,2,37873
20200506,3,41164
20200506,4,67646
20200506,5,162166
20200506,6,306129
20200506,7,371476
20200506,8,344469
20200506,9,316545
20200506,10,327341
20200506,11,324678
20200506,12,300977
20200506,13,305631
20200506,14,314527
20200506,15,321296
20200506,16,324232
20200506,17,340768
20200506,18,325869
20200506,19,251568
20200506,20,224647
20200506,21,205007
20200506,22,165695
20200506,23,122648
20200507,0,84298
20200507,1,61381
20200507,2,52096
20200507,3,53107
20200507,4,71991
20200507,5,140119
20200507,6,240559
20200507,7,321009
20200507,8,327961
20200507,9,324631
20200507,10,346218
20200507,11,337672
20200507,12,329394
20200507,13,326511
20200507,14,337056
20200507,15,349749
20200507,16,360648
20200507,17,365667
20200507,18,353785
20200507,19,279157
20200507,20,243801
20200507,21,229146
20200507,22,185634
20200507,23,133841
20200508,0,89241
20200508,1,66346
20200508,2,54289
20200508,3,53318
20200508,4,73350
20200508,5,144692
20200508,6,250443
20200508,7,309888
20200508,8,326282
20200508,9,323884
20200508,10,350857
20200508,11,352278
20200508,12,346513
20200508,13,358806
20200508,14,383176
20200508,15,413238
20200508,16,445528
20200508,17,472649
20200508,18,444328
20200508,19,383601
20200508,20,344608
20200508,21,315200
20200508,22,263171
20200508,23,177558
20200509,0,113057
20200509,1,73049
20200509,2,56041
20200509,3,47142
20200509,4,54151
20200509,5,90240
20200509,6,148615
20200509,7,206853
20200509,8,252786
20200509,9,292209
20200509,10,326903
20200509,11,347057
20200509,12,326439
20200509,13,306393
20200509,14,358463
20200509,15,357306
20200509,16,363731
20200509,17,352853
20200509,18,304423
20200509,19,244377
20200509,20,227456
20200509,21,217581
20200509,22,167053
20200509,23,108355
20200510,0,66242
20200510,1,41771
20200510,2,29767
20200510,3,24030
20200510,4,32725
20200510,5,70698
20200510,6,108451
20200510,7,134009
20200510,8,179941
20200510,9,250879
20200510,10,332695
20200510,11,358865
20200510,12,341900
20200510,13,359174
20200510,14,397377
20200510,15,416720
20200510,16,412322
20200510,17,400934
20200510,18,354831
20200510,19,319645
20200510,20,307160
20200510,21,299344
20200510,22,230974
20200510,23,140769
20200511,0,77968
20200511,1,48679
20200511,2,33773
20200511,3,41511
20200511,4,78680
20200511,5,190465
20200511,6,315762
20200511,7,360304
20200511,8,333740
20200511,9,306262
20200511,10,316875
20200511,11,318647
20200511,12,306847
20200511,13,312411
20200511,14,310628
20200511,15,316780
20200511,16,321890
20200511,17,339155
20200511,18,321875
20200511,19,248056
20200511,20,215546
20200511,21,192003
20200511,22,156521
20200511,23,114593
20200512,0,79994
20200512,1,55641
20200512,2,45985
20200512,3,47131
20200512,4,66890
20200512,5,138477
20200512,6,239860
20200512,7,306259
20200512,8,321695
20200512,9,314749
20200512,10,327684
20200512,11,320944
20200512,12,311318
20200512,13,315853
20200512,14,306170
20200512,15,325743
20200512,16,341012
20200512,17,364776
20200512,18,318789
20200512,19,247477
20200512,20,217415
20200512,21,199680
20200512,22,154814
20200512,23,114155
20200513,0,78076
20200513,1,54826
20200513,2,47225
20200513,3,46847
20200513,4,66110
20200513,5,139902
20200513,6,240677
20200513,7,306586
20200513,8,312046
20200513,9,311782
20200513,10,320764
20200513,11,315561
20200513,12,298101
20200513,13,311508
20200513,14,312740
20200513,15,316688
20200513,16,327467
20200513,17,346719
20200513,18,316288
20200513,19,247815
20200513,20,220117
20200513,21,203018
20200513,22,165135
20200513,23,121423
20200514,0,83300
20200514,1,56566
20200514,2,45629
20200514,3,46861
20200514,4,66666
20200514,5,138575
20200514,6,240752
20200514,7,310729
20200514,8,318813
20200514,9,309853
20200514,10,327504
20200514,11,329581
20200514,12,305018
20200514,13,301024
20200514,14,317092
20200514,15,329193
20200514,16,347574
20200514,17,370642
20200514,18,340049
20200514,19,267229
20200514,20,233081
20200514,21,212349
20200514,22,171722
20200514,23,125231
20200515,0,83066
20200515,1,56870
20200515,2,46429
20200515,3,43572
20200515,4,61157
20200515,5,444328
20200515,6,201717
20200515,7,273883
20200515,8,291642
20200515,9,303192
20200515,10,301384
20200515,11,304236
20200515,12,311124
20200515,13,329820
20200515,14,348007
20200515,15,377985
20200515,16,386121
20200515,17,417406
20200515,18,404016
20200515,19,330502
20200515,20,280432
20200515,21,249739
20200515,22,195440
20200515,23,131327
20200516,0,87456
20200516,1,61311
20200516,2,47752
20200516,3,42851
20200516,4,57624
20200516,5,114807
20200516,6,175453
20200516,7,215592
20200516,8,265096
20200516,9,333735
20200516,10,359597
20200516,11,370589
20200516,12,384031
20200516,13,371782
20200516,14,371565
20200516,15,379421
20200516,16,385472
20200516,17,372631
20200516,18,325590
20200516,19,270567
20200516,20,231533
20200516,21,215917
20200516,22,168342
20200516,23,110356
20200517,0,70526
20200517,1,48853
20200517,2,33791
20200517,3,26759
20200517,4,33616
20200517,5,69588
20200517,6,109312
20200517,7,134042
20200517,8,174750
20200517,9,241021
20200517,10,307149
20200517,11,326682
20200517,12,321065
20200517,13,333130
20200517,14,360082
20200517,15,369614
20200517,16,410994
20200517,17,380106
20200517,18,371601
20200517,19,311727
20200517,20,305354
20200517,21,306008
20200517,22,237447
20200517,23,150312
